,1,2,3,4,5,6,7,8,9,10
1,49.4,28.8,46.3,56.5,72.4,68.4,15,89.5,25.9,93.8
2,1.1,0.4,1.8,6.2,0.5,3.6,2.4,0,1.9,4.5
3,19.1,28.7,65.9,32.5,28.6,35.2,40.9,82.3,49.8,37.4
4,25.1,55.5,60.7,45.6,56.9,58.5,74.6,31.3,7.3,85.1
5,187.1,153.2,340.2,428.2,443.7,851.8,286,347.1,340.6,304.9
6,0,0,0,0,0,0,0.4,175.1,3.4,0.8
7,0,0,0,0,0,0,0,0,0,0
8,59.8,89.7,170.8,128.9,140.5,206.9,126.8,167.9,97.8,58.8
9,1.4,1.4,1.9,8.7,10.6,12,7.8,3.2,1.9,6.8
10,0,5.3,1.7,0,0.6,0,10,56.2,56.3,55.1
11,0,0,0,0,0,0,0,0,0,0
12,15.1,25.9,60.6,62.9,93.4,152.4,53.3,143.2,37,116.1
13,126.8,119.9,207.7,272,371.6,472.1,433.2,316.1,191.8,219.8
14,474.7,358.2,766.8,656.4,861.2,1150.4,213.6,220.8,155.9,192.6
15,0.5,0,0,4.3,0.1,2.7,0,7.9,0,0
16,0,0,0,0,0.9,0.1,0,0,12.8,0.1
17,716.8,994.9,1729,1756,1894.5,2784.2,2170.1,2570.4,1793.6,1566.2
18,0,0.9,0,0.4,0,1.7,293.1,655.5,328.6,554.8
19,1.9,3.2,0.9,5.3,1.2,0.2,13.6,0.1,1.9,0.1
20,456.3,533.6,866,1037,1232.1,1378.6,834.3,1067.5,691.9,551.9
21,35.5,26.4,82.3,69,69.6,70.9,28.1,83.8,30.1,59.4
22,23.1,24.6,69.1,46.5,56,160.9,108.7,74.1,49.2,91.1
23,0,0,0,0,0,0,0,0,0,0
24,28.3,50.1,69,58.7,35.8,84.5,41.2,16.6,45.1,71.3
25,0,0,0.1,0.6,4.6,0.1,0,0,0,4.3
26,16.9,40.2,83.3,77.7,95.3,100.3,49.2,56.6,16.9,53
27,32.7,20.2,49.1,74.7,52.9,54.5,16.9,2.3,74.1,128.5
28,79.7,69.5,110.3,117,163.9,144.8,329,262.4,630.2,683.1
29,2.7,2.5,4.3,3,3.3,3.8,2,4.4,4.9,5.9
30,4.1,5.3,1.6,0.3,1.3,6.3,0,2.7,0,5.1
31,0,1.6,0,0,0,0.1,3.6,0,0.3,0
32,21.9,25.9,37.8,37.1,41.3,47.3,46.4,69,81.5,98.6
33,91.7,87.4,214.9,230.7,294.2,332.4,166.5,325.4,129.6,191.8
34,0,0,0,0,0,0,0,0,0,0
35,26.3,30.8,101.7,74.3,125.8,108.9,20.5,13.2,20.2,12.2
36,43.4,58.9,123.4,134.1,130.5,115.3,260,287.5,144.1,247.5
37,42,25.9,43.9,60.7,72.2,149,1346,1252.2,297.8,687.7
38,300.8,445.7,767.6,819.6,1056.6,1219.7,348.6,504.7,213.3,314.2
39,24.9,23.3,32.3,31.1,22.1,29.2,17.4,35.3,57.8,39.7
40,0,0,0,0,0,0,0,0,0,0
41,42.3,55.5,96,61.1,80.2,118.6,95.2,130.8,90.1,80.3
42,0.5,0.7,4,12.2,21.7,46.8,0,0,1.3,0
43,78,72.5,108.8,142.6,194.5,203.1,228.8,153,202.7,345.3
44,0,0,0,0,0.1,0,9.7,13.4,6.7,7.5
45,55.3,47.9,66.4,105.7,74.4,109.8,58.3,122.7,47.2,60
46,3.4,1,2.6,0.3,9.5,4.9,0,0.7,5.2,0
47,5.1,2.4,26.1,19.2,17.5,25.3,11.5,84.3,1.4,22.2
48,12891.9,14441.5,19810.4,22010.7,26225.2,30016.7,22108.3,31590.5,29931.9,41680.3
49,142.9,160.4,257.8,204.4,266,255.2,175.9,342.9,262,346.1
50,5.7,8.3,12.6,20.6,24.8,42.3,9.4,1.1,4.4,6.9
51,350.1,462.5,805.4,957.6,1020.6,1279.2,464.6,355.6,525.4,632.4
52,0,0,0,0,0,0,0,0,0,0
53,38.9,49.8,27.2,62.6,25.1,10.4,6.8,4.9,0,1.7
54,10.5,4.3,12.6,15.4,22.8,26.6,24.1,155.9,21.3,48.5
55,3.6,6.2,5.5,7.9,11.7,9.3,61.5,73.7,52.9,36.3
56,150.8,158,244.6,228.4,404.9,511.2,265.7,437.6,419.4,428.5
57,107.1,128.7,224.1,218.6,246.4,337.4,185.5,212.1,56.1,70
58,24,49.2,88.1,55.9,72.4,108.7,88.5,127.9,64.4,61.8
59,17.7,16.9,25.9,23.4,17.2,17.6,10.7,18.1,35.9,34.6
60,0,0,0,0,0,0,0,0,0,0
61,0,0,0,0,0,0,0,0,0,0
62,11.6,6.1,37.8,30.7,54.8,50.7,12.2,13.5,0,0
63,272.6,295.9,490.2,480.2,508.4,799.9,157.8,157.6,146.3,140.1
64,0,0,0,0,0,0,0,0,0,0
65,0,0.1,0.1,1.5,1,0.2,0,0,0,0
66,6.8,17.9,25.6,25.1,24.1,59.2,56.7,7.5,22,18.9
67,89.1,71.2,255.3,118.2,196.4,268.3,225.7,213.3,144,73.9
68,0,1.1,0,0,0,0,0.1,0,0,0.2
69,141.5,192,453.3,310.6,259.7,467.8,182.5,276.9,154,224.3
70,0.4,0.2,2.4,10.1,3,0.5,12.6,14.7,6,13.8
71,169,185.5,285.7,355.1,295.1,492.5,117.9,102.7,73,138.7
72,507.7,624.9,1238.9,1242,1326.3,1703.8,1014.8,874.5,620.1,696.2
73,0,0,0,0,0,0,0,0,1,0
74,27,23.3,41.8,62.8,40.7,100.9,98.5,44.1,51.3,31.5
75,459.4,619.2,950.1,813.1,920.3,1331.2,517.8,651,527.5,673.8
76,867.9,1006.9,2017.1,1807.5,1817.7,2237,1526.3,1707.2,1192.4,1557.3
77,3.3,15.3,8.5,4.5,2,2.8,1.9,15.2,16.2,8.3
78,8,11.7,26.4,30.7,34.8,55.4,107.3,81.6,103,65.3
79,10.4,21.8,102,52.3,83.3,91.1,438,379.4,73,149.9
80,0,0,0,0,0,0,0,0,0,0
81,0,0,0,0,0,0,0,0,0,0
82,11.4,16.4,16.9,22.1,17.2,39.3,443.7,253.5,58.7,371.5
83,0,0,0,0,0,0,54.5,45.6,6.3,2
84,0,0,0.2,0,0,0,0,0,0,0
85,45.8,93.8,118.7,103.3,168.3,143.4,136,126.9,65.3,111.3
86,0,0,0,0,0,0,0,0,0,0
87,82.1,81.4,145.8,132.2,140.5,123.9,77.3,92,137.9,183.6
88,32.3,43.3,68.9,38.6,86.6,45.3,105.9,153.9,66.8,45.5
89,244.4,363.6,981.6,883.7,1435.4,1604.5,501.2,429,229.4,317.8
90,0,0,0,0,0,0,0,0,0,0
91,0,0,0,0,0,0,0,0,0,0
92,11.9,9.2,23.1,5.6,21.6,26.7,17.9,17.8,0.7,0.5
93,7.9,6.6,9.4,7.2,54.4,10.9,5.2,19,17.3,46.8
94,0,0,0,0,0,0,0,0,0,0
95,129,182.3,244.7,367,485.3,554.4,268,337.5,294.9,327.9
96,2,4.3,14.1,13.9,15.8,16.4,28.6,26.4,22.7,22.6
97,1.4,9.9,11.1,24.3,9.3,7.6,2.3,12,18.7,22.7
98,102.5,102.5,258.2,225.5,229.5,430,127,153.7,132.8,190.4
99,99.5,135.6,222,92.7,146.6,272.2,140.8,54.4,68,55.9
100,53.2,42.5,172.3,109.6,88.2,160.4,154.3,154.7,138.2,148.6
101,47.2,24,99.5,32.5,189.9,263.8,31.5,39.3,82.9,81.3
102,0,0.1,1.5,1.8,6.5,16.5,0.1,0,0,2.7
103,0.7,5.3,0,4,2,62.2,0.9,4.1,17.1,0.3
104,20.5,12.7,19.7,22.8,24.1,57.1,96.2,178.5,109.9,241.1
105,112.1,102.6,142.6,152.7,141.9,174.1,295.2,627.5,616.6,808.5
106,13.5,20.8,37,29.1,22.1,30.4,48.1,67.3,64.2,92.5
107,8.3,1.9,5.8,24.3,35.3,24.7,1.2,13.1,32.3,27.7
108,0,0,0,0,0,0,0,0,0,0
109,1329.8,1409.3,2529.6,2190.6,2743.1,3115.5,1212,1509.2,1113.4,1133.7
110,502.7,604.9,1086.7,1155.6,1540.8,1927.7,725.7,806.7,820.4,537.7
111,86.3,88.3,127.1,132.5,132.8,106.8,224.9,371.5,548.2,481.6
112,35.7,58.2,57.7,109.7,91.4,152.2,154.2,222.7,175.5,171.1
113,0,0,0,0,0,0,3.5,2.1,1.8,0.7
114,0.6,0.4,2.3,0.1,2.3,1.9,0,0,0.4,1.5
115,0.1,0.1,0.1,0.2,0.3,0.2,0.3,0,0.4,0.6
116,120.4,173.6,340.5,350.8,323.7,651.9,290.8,303.9,555.3,546.8
117,16.7,20.4,35.1,46.5,35.3,43.5,20.3,50.6,71.3,69
118,62.1,65.8,95.3,80.9,119.1,133.6,50.5,52.2,101.8,5.9
119,143.8,168.2,297.8,321.2,257.3,374.5,86.3,117.2,130.8,111.8
120,0.3,7.8,1,19.5,25.4,4.2,33.8,42.8,19.3,43.4
121,89.3,78.9,154.8,122.5,109.1,118.2,78.7,113,97.7,128.2
122,9.1,16.6,16.4,24,16.7,13.6,32.3,83.5,6.3,11.1
123,3.3,2.9,8.5,16.7,14.5,16.3,23.9,43.5,61.2,44.4
124,7.4,0.3,10.8,3,2.4,2.7,0,0,0,0
125,119.5,150.5,150.1,250.5,389.1,325.9,134.6,313.5,139.5,293.6
126,0,0,0,0,12.3,0,25.3,36.9,40.3,28.3
127,0,0,0,0,0,0,0,0,0,0
128,289.3,331.9,532.9,585.7,641.9,727.7,349.3,567.6,415.8,598.3
129,36.6,88.4,100.1,200.7,123.6,227,132,360.4,150.7,82.9
130,88.2,90.3,118,108.6,228.9,298.8,213.7,307,249.2,306.2
131,131.4,87.5,202.9,301.6,322.6,401.1,36.8,171.2,40.5,28.4
132,39.4,73.3,88,98.3,60.4,81.1,139,143.9,111.9,134.8
133,0,0,0,0,0,0,0,0,0,0
134,0,0,0,0,0,0.4,0,0,0,0
135,0.2,0.3,0.4,0.5,0,0.4,1.6,2.2,0.9,11.7
136,0.1,0,0,0,0,0,0,0,0,0
137,0,3.4,3.1,0.1,0.4,0,0,0.4,0,0
138,0,0,0,0,0,0,0,0,0,0
139,0,0,0.1,0,0,0,0,0,0,0
140,123.8,176.6,275.6,366,281.2,390,197,285.4,150.9,265.4
141,222.8,294.9,535.5,523.6,559.6,675,290.8,399.6,315.9,421.4
142,1.5,1.7,5,0.5,10.7,14,1.8,0,0,0
143,499.5,573,801.9,846,1085.6,1522,748.3,1223.1,1149.9,1184.9
144,8.2,7.8,40.2,45.8,31.8,67,11.9,20.6,5.5,16.8
145,132.6,108.9,323.6,295.1,326.7,389.8,117.2,182,164.9,83.6
146,34.7,69.2,151.1,120.6,300.1,272.5,71.6,70.3,81.3,118.3
147,61.2,50.6,267.4,153,187.8,176.5,49.1,93.3,108.3,195
148,0,0,0,0,0,0,28,8.3,29.3,6.9
149,32.1,43.9,66.8,40.7,60.6,113.8,34.9,57.1,83.5,84.3
150,0.1,0,0,0,0.1,0.4,0.6,1.6,1.6,3.2
151,0.4,0.1,0.9,0,0,0.2,14.9,4.3,33,26.5
152,29.3,20.9,96.9,124.5,206.9,223,12.1,9.6,0.1,0.9
153,259,229.5,512.4,548.9,771.6,911.4,258.9,579.9,214,275.3
154,1532.5,1729.8,2349.4,2657.3,3202.8,4416.2,999.2,982.1,1034.5,1367.8
155,2.1,0.8,4.1,0,0.1,3.4,0,0.2,0,0.1
156,83.4,112,79.4,98.3,74.5,125.4,176.5,351.9,116.5,386.9
157,0.3,0,2.5,22.3,0.1,21.8,2.3,0.1,0,2.9
158,144.9,241,357.6,362.4,411.8,515.3,251.6,362.3,174.3,154.1
159,0,1,0,0,3.7,0.1,0.3,0,0,0
160,17.3,22.2,38.8,15.6,36.7,15.2,25.3,66.8,26,78.6
161,17.1,14.3,43.6,34.2,21.3,23.7,24.5,41.4,14.9,57.8
162,9.8,11.8,24.4,22.7,28.5,45,60,30.9,23.3,17.7
163,673.6,851.6,1533.4,1661.3,1650.6,2198.4,1160.7,1512.3,395.3,423
164,0.3,0.8,0.5,0.8,1.3,0.3,0.2,2.2,0.7,1
165,0,0,0,0.2,0.1,0.7,0,0,1.2,0
166,38.1,42.1,98.1,102.4,84.4,58.2,64.2,125.6,48.3,51.8
167,12.3,6.6,31.7,5.4,15.3,41.9,99.5,79.4,35.9,77
168,1.8,1.2,3.9,16.8,10.7,15.6,3.3,11.6,3.9,2.7
169,640.1,843.3,1233.7,1270.8,1897.5,2366.7,1312.1,1270.3,925.6,947.7
170,6.6,9.6,17,41,18.4,25.8,42.3,18.4,17.1,28.3
171,453.3,467,658.7,841.1,764.6,1191.7,900.7,663.4,575.8,495.8
172,258.7,249.6,353.1,326.1,446,673.5,415.5,500.1,465.5,423.5
173,1998.8,2615.6,4789.5,4534.4,4930.1,5949,1943.2,2312,1562.6,1904.2
174,0,0,0,0,0,0,45.9,48.9,0,31.2
175,41.3,41.9,58.7,74.1,85.9,41.9,83.7,115.7,170.1,72.1
176,546.8,662.2,1166,967.5,1216.7,1396.2,847.8,1253,794.9,896.7
177,7.7,2.9,1.7,0.1,2.7,27.4,26.5,10.4,39.5,24.3
178,3.4,4.3,20.2,11.8,40.7,20.9,44.8,97.9,49.5,27.8
179,106.3,98.2,188.1,231.5,223.1,318.9,158.3,184.9,181,218
180,227.2,289,481.3,492.1,430.7,779.5,567.3,701.7,708.5,489.9
181,1.2,3.6,1.8,0.3,21.2,19.3,2.4,6.4,7.9,10.6
182,131.3,122.3,201.4,161.6,128,261.1,353,339.5,362.2,314.9
183,91.1,92.2,78.9,33.3,119.5,107.1,189.2,204.9,294.3,352.1
184,233,161.4,263.4,326.8,374.9,383.1,730.9,832.6,699.2,951
185,30.1,21.5,83.1,33.6,120.1,89.7,4.4,0,0,0
186,127.3,107.8,123.3,132.9,192.3,260.9,32.9,25.9,60.9,110.5
187,1.9,4.3,3.7,18.2,14.8,26.3,39.5,21.9,36.2,46.6
188,0.9,0,0.1,0,0,3.2,200.3,178.7,86.6,88.1
189,140.1,106.6,335,229.1,402.1,297.4,37.3,117.1,32.9,176.9
190,100.5,169.4,279.3,287.4,331.8,357.9,408.3,187.5,194.2,400.3
191,13,25.4,41.5,29.4,35.9,50.4,104,79.2,36.5,53.1
192,0,0,0,0,0,0,0,0,0,0
193,82.7,96.7,221.9,235.9,207,277,92,181.9,50.4,64.4
194,29.2,27.1,41.6,21.3,54.6,162.8,32.9,10.5,43,114.5
195,0,0,0,0,0,0,0,0,0,0
196,122.5,223.9,315.7,309,428.1,559.5,139.3,314.6,260.8,137.5
197,0,0,0,0,0,0,0,0,0,0
198,0,0,0,0,0,0,0,0,0,0
199,0,3,1.9,3.3,1.7,8,2.5,1.1,0,32.2
200,0,0,0,0.7,0,0,0,0,0,0
201,2.4,3.3,5.1,5.2,3.6,5.5,3.2,5.3,10.8,12
202,0.2,0,0,0,0.6,0,3.8,0,0.7,0.5
203,0,0,0,0,0,0,0,0,0,0
204,3.5,4.1,7.8,4.9,11.5,23.7,28.7,3.3,9.4,66.3
205,0,0,2.1,0,0,0,0,0,7.8,0
206,32,31.6,35.1,36.1,24.1,30.3,20.7,25.8,40.5,58.1
207,9.9,4.5,14.8,0.7,30.8,0.9,1.5,0.1,0,8
208,51.9,43.5,67.4,48,39.1,41.1,18.4,30,42.4,51.5
209,83.9,107.7,197.1,248.5,209.2,235.1,322,301.9,292.9,359.8
210,0,0,0,7.2,0,0,0.3,0,2.1,0
211,4850.6,6516.2,7878.9,6406.6,10745.4,11279.7,4239.3,3182,1389.3,2215.2
212,0.2,0.1,0.3,0.3,0.2,0.7,0.4,0.3,0.5,0.7
213,847.9,750.6,1301.6,1464.1,1982.6,2247,521.7,491.9,540.8,651.5
214,0,0,0,0,0,0.1,0.1,0.3,0,0
215,0.4,1.5,2.4,2.4,2.1,7.2,12.9,22.7,23.2,80.7
216,8.7,3.3,2.5,5.8,9.2,22.5,4.9,1.4,0.3,2.5
217,0,0.1,0,0,0,0,0,0,0,0
218,10.6,11.2,18.1,28.1,90.9,32.3,630.5,248.6,30.2,243.4
219,287.7,287.8,486.9,538.4,573.3,836.1,289.7,447.7,208.2,300.3
220,70.2,50.9,139,88.9,118.8,58.6,35.8,31.4,36.2,7.4
221,0.2,0.1,0,0,1.7,0,251,359.7,392.3,563.3
222,0.1,0.1,0.1,0.1,0.2,0.2,1.7,8.1,1.2,0.3
223,24.5,16.8,53.5,81.3,60.9,80.5,54.5,40.8,76.2,19.3
224,0.6,0,0,0.9,0,16,138,65.7,92.5,105.4
225,54.5,45.7,80.8,63.1,55.3,136.7,98.9,47.5,39.3,24.7
226,0,0,0,0,0,0,0,6.1,0,0
227,0,0,0,0.5,0,0,0,7.6,0,0
228,0.8,0.2,1.9,1.3,3.9,31.3,2.9,19,0,0
229,42.7,32.1,117.9,88.4,104.8,139.4,38.6,86.7,125.1,72.8
230,6.2,8.5,26.6,52.1,35.2,52.9,26.8,19.4,17,21.5
231,97.5,80.7,139.3,119.3,146.4,215.3,63.1,102.6,83.2,217
232,22.3,40.1,94.1,35.5,40.5,87.6,58.1,114.5,22.6,43.5
233,25.3,22.3,28.4,35.9,18.8,23.5,12.9,24.9,43.1,50.7
234,168.3,281.6,465.7,564.2,697.3,1103.6,616,824,916.3,1122.8
235,1.7,4.9,3.2,8.7,3,2.2,30,8.1,8.8,1.5
236,54.6,81.5,118.5,100.2,138.7,175.6,396.9,491.8,412.8,489.3
237,6.9,17.7,19.9,12.6,21.1,15.3,89.4,2.7,18.5,9.8
238,0.8,0.6,0,0.3,0.7,0,0.1,0,0,0
239,755.9,1046.3,2052.3,2187.6,2530.9,3712.6,1918.9,2420.9,1318,1569.7
240,116.9,123.6,414.7,295.1,277.5,330.7,318.7,305.8,356.1,404.4
241,1047.7,1251.9,2340.9,2154.1,2481.9,3438.3,1392.6,1573,713.4,655
242,14.2,6.5,23.7,28.1,81,95.5,168.6,441.2,162.5,219.6
243,2066.4,2802.4,4673.5,4670,5625.6,7193,3173.8,3410.3,2602.4,2709.4
244,55.7,49.1,68.4,77.7,84.3,63.8,120.2,92.4,112.8,118.8
245,60.8,90.9,143.9,167.5,180.1,252.5,159.4,151.1,85.1,77.7
246,14.3,17.1,24.1,44.3,41.5,59.7,40.4,114.2,37.9,62.7
247,179.9,272.4,489.9,465.5,472.3,790.6,385.2,298.9,185.5,208.9
248,1.1,5.7,3.7,2.3,0.5,7.5,0,0,0,0
249,0,0,0,0,0,0,0,0.2,0.1,0.1
250,87.2,100.3,141.3,151.1,121.8,212.4,110,162,139.8,162.7
251,0,0,0,0,0,0,0,0,0.1,5.3
252,13.2,13.2,18.2,17.7,13.6,17.3,10.8,15.8,28.7,35.2
253,0,0,0,0,0.5,0,0,0,0,0
254,27.2,32.1,72.8,64,74.7,72.3,109.8,175,96.9,131.1
255,1.5,1.5,0.2,6.4,5.1,23.4,33.6,20.2,4.9,8
256,14.9,27.4,36.3,35.8,31.3,75,25.1,25.6,85.4,60.3
257,0.3,2.9,1,4.3,9.3,1.8,4.9,28.2,1.5,50.8
258,93.6,126,202.5,211.2,244.9,348,206.9,283,106.8,113.3
259,92.2,162.7,212.9,224.2,184.2,328,307.1,116.2,46.7,56.3
260,214.6,295.3,407.2,413.9,358.5,372.3,324.4,424.6,416.7,565.1
261,652.5,871.8,1845.7,1725.9,2779.1,3934.5,839.2,1039.4,647.9,834.7
262,0,0,0,0,0,0,0,0,0,0
263,236.3,290.5,489.7,520,741.1,954.7,696.4,955.3,441.5,593.4
264,12.2,14.5,26.4,46.8,66,90.2,80.8,50.7,43.4,39.3
265,0,0,0,0,0,0.1,0,0,0,0
266,66.1,59.9,104.5,101,98.7,97,183.4,270.1,60.1,155.6
267,53.7,58.7,84.6,94.8,93.8,98.9,67.8,117.9,146.6,148.7
268,25.7,37.6,102.4,134,248.7,97.9,18.7,44.7,101.9,50.3
269,512.9,637.9,1036.5,1164.9,1441.5,1819.4,703.4,669.3,324,537.1
270,0.6,2,6.3,3.6,1.1,13.9,15.9,0.6,0,0.4
271,43.1,108.9,172.2,149.1,135,202.1,119.3,194.2,131.5,63.1
272,23.5,8.1,18.3,36.1,30.1,77.4,38.3,21.5,99.8,44.5
273,11.7,25,62.4,54.9,92.3,109.3,95.7,72.9,24.7,95.7
274,185.9,350.2,639.5,508.7,581.9,819,480.3,411.7,330.9,398.8
275,1,0,0,0,0,0,0,0.3,0.6,0.5
276,292.9,370.2,586.3,628.8,551.3,963.3,1288.9,1249.6,1128.8,1060.6
277,6.5,7.1,14.1,14.5,7.5,16.9,10.7,18.4,16.2,29.7
278,53.9,127,123.7,96.8,118.3,166.7,113,125.5,37.4,68.7
279,10.5,8.1,8.7,6.2,33.1,40.6,3.3,2.4,24.6,14.8
280,1.2,4.4,0.3,1.5,5.2,31.2,16.8,0.7,5.8,10.6
281,0.3,0.5,1,3.1,15.2,10.5,4.7,5.5,11.9,28.4
282,0,0,0,0,0,0,0,0,0,0
283,0,0.1,1.3,0.2,0,1.2,5.9,7,11.3,7.5
284,7.9,4.4,0.6,13.1,1.9,4.8,17.4,1.3,6.4,4.9
285,73.1,75.3,131.7,133.7,165.7,88.8,62.7,95.9,115.7,65
286,0,0,7.9,0,0.2,7.8,6.5,0,0.8,0
287,26.8,42.4,52.1,56.7,28.8,40.7,24.3,61.1,56.4,29.2
288,76.9,79.6,148.9,173.5,175,243.6,53.2,124.1,65.3,77.9
289,122.2,148.9,312.6,300.4,174.9,572.2,193.5,308.6,194.6,140.9
290,77.1,80.8,145,102.5,143.2,135.1,22.8,3.3,14.8,1
291,4.8,2.5,1.6,5.4,1.6,2.3,4.1,1.1,2.8,0.2
292,30,33.5,52.2,44.9,35.8,48.6,24.4,44.8,77.7,79.5
293,0.1,0.7,0,0.1,0,0,0,0,0,0
294,454.8,407.3,545.1,509.9,1104.8,1446.2,363.1,654.6,395.3,593.7
295,0,0,0,0,0,0,0,0.1,0,0
296,0.8,1.2,0.5,3,9.5,0.8,0.1,0.4,0.1,0.5
297,0,0,0,0,0,0,0,0,0,0
298,6.3,0.1,6.3,4.7,13.6,1.5,0.7,3.3,12.6,17.5
299,0,0,1.1,0,0,0,1.2,0,1.1,3.2
300,50.3,61.5,116.8,151.8,101.4,233.2,126.4,147.8,88.3,150.5
301,0,0,0,0,2.1,0,0,0,0,0
302,57.4,67.4,139.7,169.3,168.1,273.3,92.6,156.4,54.7,64.9
303,37.8,44.7,57,79.4,81.2,71,136.5,233.8,89.5,88.3
304,2.2,2,5.2,6.9,7.2,7.5,2.5,5.2,3.8,3.4
305,0,0,0,0,0.1,0.1,0,0,1.5,0
306,10.6,12.3,42.3,36.3,30.5,38.4,87.7,73.4,35.3,121.5
307,0,0,0,0,0,0,0,0,0,0
308,48.6,25.2,157.3,56.3,38.6,67.5,58.1,14.2,124.9,10.5
309,0,0.4,0,0,0,0,9.9,0,0.2,7.9
310,0,0,0,0,0,0,0,0,0,0
311,0,0,0,0,0,0,0,0,0,0
312,28.6,23.4,22.8,24.8,71.7,124.8,140.9,65.6,91.5,102.7
313,238,303.7,544.4,427.9,706.8,1016.6,285.9,149,77.1,173.8
314,143.5,146.2,311.6,335.9,421.9,588.8,182.5,199.8,169,359.7
315,13.8,11.7,3.2,12.9,60.9,61.7,0.8,0,0,0.3
316,23.9,38.8,97.6,44.4,75.1,104.3,178.9,26.9,37.6,42.8
317,1636.6,2030.3,3385.8,3230.1,3929.5,5878.2,2482,3499.8,2298.8,2656
318,2.7,6.3,6.7,4,5,22.8,11.2,20.4,20.9,50.3
319,100.1,96.2,154.8,200.6,248.9,289.5,207.4,320.2,358.4,582.3
320,93.5,192.1,251.1,256.4,276.1,508.4,427.3,487.8,329.1,392.3
321,0,0,0,0,0,0,0,0,0,0
322,63.9,62.5,137.6,55.9,85.6,109.2,296.4,227.3,219.4,327.7
323,42.7,55,110.9,115.1,112.4,182.1,102.1,127.7,67.1,182.5
324,414.3,379.3,646.5,536.7,651.5,808.7,583.6,563.6,680.1,796.5
325,306.8,271.8,561.3,544.8,758.4,1225.6,382.7,724.8,561.1,968
326,24.5,70.4,78.8,89.7,86.9,240.3,57.8,241.2,57.1,36.1
327,267.3,224.8,370.4,277.6,309.1,467.5,302.7,585.6,574.5,737.6
328,797.1,813.3,1579.8,1275.2,2347.9,2786.6,1771,1828.5,1492.9,1791.2
329,2.2,2.5,1.7,6.3,1.1,8.5,0.8,2.1,2.6,3.2
330,0,0,0,0,0,0.1,0.1,0,0,0
331,13.2,1.9,10,7.4,29.4,7.3,23.7,7.4,0.5,29.1
332,2.1,1.1,3.7,3,2,5.6,4.7,7.4,6.6,13.7
333,81.4,102.2,243.3,204.1,284.2,351.3,64.9,104.9,100,211.5
334,80,93.1,115.3,197.2,83.2,114.7,86.5,115.1,232.5,214
335,0,0,0,0,0,0,0,0,0,0
336,18,33.6,38,52.3,104.6,24.1,70.5,56.5,101.6,143
337,2802,2898.1,5149.5,4996.8,4901.1,6092.8,3178,3065.5,6320.7,6416.1
338,0,0,0,0,0,0.1,0,0,0,0
339,7.8,3.1,2.7,8.3,4.2,22.5,1.4,0.3,2.1,2.3
340,99.2,109.1,104,123.6,137.4,153.1,55.4,170.6,221,238.7
341,137.4,62.3,117.8,190.4,211.9,167.3,180.3,142.7,67.9,72.3
342,1.6,1.4,8.8,2.1,2.5,1.6,2.3,1.1,4.5,2.6
343,7.9,15.3,7.6,9.1,32.1,3.1,20.1,0.9,0.7,0.3
344,4.6,4.7,1.2,9.9,5.5,1,26.7,41.3,66.2,77.2
345,5.3,1.7,4.5,4.1,2.6,1.6,51.1,35.5,60.7,68.1
346,0.3,0.5,0.7,1.1,0.7,1.1,0.8,1.5,2.2,3.1
347,110.9,128.6,159.2,195.8,317.6,257.1,189,133.1,171.6,257.1
348,28.1,20.5,50.1,85.5,83.1,80.9,44.9,74.8,32.5,49
349,14.1,16.3,20.7,17.5,16,47.4,63.7,61.9,24.8,70.9
350,12.2,13.1,16,15.4,33.7,37.5,67.3,105.8,80.3,85.7
351,0,0,1,0,0,0,0,0,0,5
352,0,0.2,0,0,0,0,0,0,0,0
353,10.4,25.3,22.9,20.3,38.2,64.3,27.3,98.5,55,89.1
354,10.4,13.3,17,3.9,11.7,13,38.6,0.1,7.9,0.9
355,25.3,46.5,44.5,25.4,32.9,28.2,8.8,22.2,151,33.8
356,10.6,12.4,18.1,27.5,15.8,63.8,6.4,10.6,20.9,22.8
357,74.1,88.7,169.4,114.5,158.9,255.2,298.7,438.5,214.7,98.1
358,60,75.6,164.5,176.5,164.6,285.5,162.5,245.4,140.3,149.2
359,0,0,0,0,0,1.9,0,8.9,0,0
360,15.5,28.4,42.9,18.1,39.2,19.6,55.3,21.2,46.1,11.1
361,109.6,131.3,142,193.1,168.2,181.5,301,227.3,187.1,175.6
362,306.3,545.7,1005.1,1015.3,1193.4,1554.4,859.4,1478.8,976.7,832.5
363,0,0,0,0,0,0,0,0,0,0
364,9.3,7.6,12.3,21,17.3,37.3,28,13.7,3.4,10.1
365,88.9,60.1,92.3,148.8,106.4,210.6,72.2,244.5,69.7,205.5
366,694.2,796.8,1874.4,1827.2,1855.6,2137.8,1502.7,1350.7,1389.7,1215.9
367,68.8,100.1,185.3,165.7,119,265.5,110.9,279,134.3,104
368,167.2,151.5,213.4,244.4,331.3,288.8,310,746.5,239.5,308.7
369,0.7,0.7,0.5,0,0.1,0.1,0,0,0.3,0
370,283.8,307.8,480.7,405.6,646.6,722.3,307.1,213.9,235.7,99.1
371,5,1.3,6.9,9.7,7.5,28.4,5.1,0.6,0,11.8
372,1530.5,1896.2,3323.7,3195.5,3776,5542,4202.6,4457.6,2689.7,3027.1
373,0,0,0,0,0.1,0,0,0,0,0
374,0,0,0,0,0,0,0,0,0,0
375,2061.7,2369.8,4126,3902.4,5189.6,6032.6,2480.5,3149.5,1555.9,1973.8
376,43.5,54.5,110.5,68.1,68.7,110.1,130.5,105.1,47.6,113.7
377,12.5,37.1,60.7,75.7,66.7,49.7,101.9,63.9,29.3,17
378,834.4,1172.3,2160.9,2300.4,2770,4252.8,1725.5,2039.2,905.5,1250.1
379,121.1,105.4,235.7,177.2,356.5,355.1,168.1,475.6,157.1,176.6
380,0,0,0.3,0,0,0,0,1.8,0,0
381,123.1,89.3,254.9,197.1,238.7,278.4,248.1,380.4,218.3,243.9
382,0,0,0,0,0,0,0,0,0,0
383,43.7,57.7,65,111.3,99.7,182.1,18.7,35.4,17.7,44.2
384,28.3,71.4,64.4,41.9,40.9,88,52.6,59.2,60.3,42.7
385,0,0,0,0,1.9,0,0.1,4.5,0.3,0.5
386,5.9,6,21.4,15.1,7.3,10.1,11.7,15.3,8.3,10.7
387,91.9,54,161.4,165.9,189,200.9,54.7,80.4,86.5,281.9
388,0.4,3.1,4.4,11.2,0,1.2,0,0.6,0,0
389,1.2,0,0,0.8,4.1,0.1,0.5,5.1,0,0
390,50.3,113.6,239.8,152.6,250.1,438.2,220,285.4,331.4,433.9
391,1474.7,1589.3,2954.8,3307,4415.9,5454.8,2422.8,2105.6,991.5,1393.2
392,42.3,65.8,81.7,85.8,38.6,135,111.5,19.7,49.8,60.4
393,2.2,10.9,5.1,39.5,7.8,12.1,3.1,2.1,1.7,2.8
394,5.8,4.8,17.6,14.1,5.7,33.2,73.4,179.9,87.5,169.4
395,0.1,0.3,0,0.7,0,0,0,0,0,0
396,665.8,720.3,970.9,1028,1055.8,1273.3,656.2,154.8,220,217.6
397,7.7,0.5,1.1,0.4,7.4,5.5,44.2,4.4,8.9,0.4
398,168.2,231.8,373.7,407.7,543.5,492.7,137,385.9,142.6,325.9
399,0,0,0,0,0,0,0,0,0,0
400,110,117.3,192.3,204.1,272.5,416.4,339.6,258.8,137.9,242.4
401,3.3,5.4,11.1,13.3,13.7,21.6,0.2,0.1,0,0
402,80.8,73.1,147.2,95.3,126.5,189.4,59.5,34,39.3,52.5
403,1.8,0.7,6.7,16.6,16.9,40.9,99.2,111.8,99.6,132.9
404,8.5,7.9,11.4,10.7,9.1,21.2,5,19.1,33.2,22.7
405,61.8,79.1,101.3,103.7,133.2,213.8,206.1,201.2,153,249.7
406,66.1,78.7,133.9,128.5,97,191.5,344.1,337.9,113.6,246.1
407,346.8,442.7,758.5,809.5,1222.5,1565,1256.9,1077.6,685,460.1
408,12.2,13.3,25.1,49.3,19.3,39.2,178.9,48.5,26.9,87.3
409,36.8,24.1,114.6,86.6,27.5,119.2,115,267.5,149.1,171.3
410,56.6,75.9,123,206.6,122.3,239,26.3,49.9,97.2,94.4
411,0,0,0,0,0,0,0,0,0,0
412,930.9,940.3,1642.7,1481,1584.4,2053.2,2073.5,2300.9,1757.4,1974.4
413,1.1,7.5,0.9,0,0,0,48.4,26.4,12.8,1.7
414,5.7,5.2,62.6,77.4,65.5,12.4,2.5,11,16.6,8.6
415,5.7,3.2,3.9,9.4,51,35.7,57.8,100.5,35.9,2.5
416,0.1,0.6,0,0,0,0,0,0,0,0
417,0,0,0,0,0,0,0,0,0,0
418,2.5,6.8,7.8,5,6.7,10.7,3.8,13.5,16.6,21.8
419,11.6,0.7,0.6,0,0.6,0.7,66.8,215,20.1,44
420,0,0,0,0,0,0.1,0,0,0,0
421,134.4,126.7,214.4,274.1,324.9,369.5,169.1,321.9,285.4,305.8
422,0,0,0,0.4,0.1,0,0,0.1,0.3,0
423,0,0,0,0,0,0,0,0,0,0
424,259.7,274.4,540,451.8,670.1,655.7,364.9,422.9,352.8,181.6
425,331.1,377.4,747.2,726,795,1007.1,522.2,681.8,202.1,209.9
426,22.1,22.2,30.9,27.3,24,26.3,17.4,29.1,52.9,57.4
427,0,0,0,0,0,0,0,0,0,0
428,240.9,219.5,427.4,329.3,394.3,604.9,228.6,206.8,332.1,282.2
429,0,0,0,0,0,0,0,0,0,0.3
430,4.8,5.3,22,5.3,13.7,6.5,1.9,9.3,13.8,9.8
431,0.6,3.2,3.8,0.7,0,1.4,4.5,3.6,12.1,6.9
432,0.1,7.3,0.3,6.2,17,15.4,0,0,0,0.4
433,299.9,266.4,318.5,313.7,393.5,456.8,87.8,95.6,181.4,210.2
434,66.7,85.2,140.3,201.7,181.8,201.7,217.4,305.9,139.4,232.2
435,0,0,0,0,0,0,0,0,0,0
436,12.3,17.2,19.6,6.8,27.4,24.5,88.6,64.2,58.5,44.3
437,1.5,0.1,0,0.1,0.1,0.1,0,0,0,0
438,75.2,53.7,120.3,166.9,212.5,203.9,161.5,125.3,113.7,226.8
439,0,0,0,0,0,0,0.6,0,0,0
440,86.3,89.2,178.8,73,264.7,254.4,89.4,195.4,285.9,184.3
441,18.6,7.3,23.7,8,40.6,46.7,15.9,0,2.6,6.5
442,2732.7,2689.8,3663.8,3240.7,4943.7,5474.2,4272.8,5972,5362.4,5214.7
443,0,0,0,0,0,0,11.9,4.5,0,0
444,13.5,26.2,57.4,86.4,84.2,132.6,49.6,59,16.7,96.5
445,254.6,245.2,359.2,330.7,369.3,414.8,150.1,195.1,255.1,242.1
446,41,84.9,124.9,223.3,223.8,187.3,154.9,210.5,114.2,49.3
447,0.1,0.1,3.3,0.3,1.1,0.4,22.7,12.5,33.2,50.5
448,1.3,0.8,2.2,0.3,5.5,2.2,0,0,0,0
449,0,0,0,0,0,2.1,34.5,78.5,0,6.9
450,310.7,253.6,357.1,259.3,367.5,399.6,159.1,65.7,22.1,136.7
451,0,0,0,0,0,0,0,0,0,0
452,50.8,33.9,71.3,48.1,41.4,15.5,21.2,68.9,142.2,122.8
453,41.4,32.3,92.5,68.5,72.9,138.4,302.8,432.1,561.3,778.3
454,8444.9,7148.6,10987.9,9408.7,13193.1,12553.7,12168.9,11831.5,14297.1,13583.1
455,18.9,16.9,27.7,40.6,44.5,68,82.7,68.6,77.6,119.8
456,0,0,0,0,0,0,0,0,0,0
457,21.1,15.7,63.8,65.7,36.8,49.8,20.7,36.2,20.6,101.6
458,0,0,0.7,0,0,0,0,0,0,0
459,197.8,203.1,268.1,200.3,283.6,278.5,60.5,304.9,374.8,272
460,42.2,33.4,65.1,46.7,101.2,138.8,36.3,25.9,43.4,13.9
461,6.7,9.9,22.9,6.7,18.9,2,13.5,3.6,13.7,0
462,78.5,95.8,178.8,66.2,262.8,447.6,7.5,9.8,82.2,41.1
463,17,31,17.7,26.4,47.6,98.3,40.3,59.5,14.5,67.5
464,1.6,5.1,4.3,12.5,14.4,16.9,0,0.8,0,0
465,13.8,14.4,16.3,21.5,13,39.5,0.1,0,0,17.1
466,8.4,20.6,31.1,40.2,34.4,25.7,21.3,46.3,30.4,62.2
467,7,1.2,8.7,3.7,12.8,12.5,42,5.8,15.9,64.5
468,0,0,0,0.1,0,0,0,0,0,0
469,40.1,19.7,58.7,48.4,91,95.7,21,29.9,20,50.6
470,45.7,56,108,136.8,96.7,138.3,73,129.9,38,68.2
471,0.2,0,1.2,0,13.2,30.8,5.3,0,4.5,0.9
472,194.2,186.4,303.7,294.5,257.7,446.1,351.5,352.4,212.5,278.9
473,10.5,9.7,28.1,11.5,45.6,6.9,8.3,18.6,4.6,5.5
474,0,0,0,0,0,0,0,0,0,0
475,88.9,119.1,139.7,162,116.3,253.7,140.3,75.7,61.2,92.4
476,55.3,53.2,169.4,153.6,139.3,139.2,70.2,180.1,147.8,110.9
477,15.8,13.6,31.4,11.4,110.9,91.1,7.5,17.2,25.9,15
478,2.3,9.8,9.8,2.6,26.3,8.1,34.2,98.2,43.5,108.6
479,338,380.2,817.2,780.7,857.5,1326.9,408.1,668.7,239.5,305
480,0.7,0.3,0,1.2,10.3,0,17,3.9,17.9,5.3
481,42.8,2.3,55.2,3.5,37.3,0.4,20.6,18.3,39.6,22.7
482,77.3,107.5,153.3,123.2,224.9,345.8,122.9,174.5,181.5,111
483,673.1,687.9,1376,1384.6,1523.1,2109.8,1106.2,919.7,976.4,1018.9
484,0,0,0,0.1,0.3,0,0,0,0,0
485,692.5,703.7,1351.9,1417.8,1845.2,2470.8,1085.8,1432.1,654.2,1003.3
486,7.8,7.5,39.1,36.3,47.3,38.4,67.2,64.8,34.9,14.5
487,14.1,34.6,51.4,39.6,45.4,33.3,51.9,67.4,59.3,36.7
488,2.6,0.9,1.1,24.7,8.5,9,94.3,157.8,116.7,82.6
489,20,19.5,30.7,37.9,31.9,49.9,51.1,97,79.3,121.2
490,8.9,13.7,19.7,23.9,13.5,24.8,112.1,28.1,74.7,119.8
491,101.1,139.7,156.3,166.2,167.2,274.2,133.6,390.2,116.2,149.1
492,0,0,0,0,0,0,0,0,0,0
493,219.9,233.4,366.1,537.2,463.4,493.9,394.8,326.5,286.5,470.1
494,12.4,11.7,39.8,26.6,31.2,44,67.9,58.5,88.1,70
495,0,0,0,0,0,0,0,0,0,0
496,0,0.4,0,0,0.5,2.1,4.5,0.1,0,0.8
497,2.8,4.1,11.6,22.4,15.6,54.8,9.3,21.1,2.6,2.2
498,13.5,15.6,64.1,42.6,91.4,29.3,46.4,8.3,3.3,25.5
499,0,0,0,0,0,0,0,0,0,0
500,6,6.3,10.5,13.4,13.1,35.7,16.5,15.5,35.6,42.1
501,27.5,52.6,81.9,81.2,80.1,134,101.7,141.2,90.6,124.5
502,18.6,12.3,45.1,30.6,31.4,36.5,28.7,20.5,25.4,42.2
503,11.1,19.8,20.5,43.8,16.2,27.3,42.7,98.6,23.3,39.2
504,51.4,51.7,83.2,79.1,110.4,127.2,48.3,70.5,110.3,121.2
505,0,0.1,0,0.3,0.1,0.6,0.1,0,0,0.1
506,328.1,281.4,576.9,477.7,620.1,890.3,464.9,371.4,280.4,388.3
507,3.4,7.6,5.1,3.3,13.7,27.6,107.2,62.2,72.8,306
508,0,0,0,0,0,0,0,0,0,0
509,452.5,621.9,1101.3,1178.1,1331.8,1532.2,610.9,782.9,317.5,432.7
510,37.6,29.7,74.6,69.8,68.9,177.3,129,260.5,180.7,250.9
511,0,0,0,0,0,0,0,0,0,0
512,84.5,94.2,158.5,165,433.7,234.2,58.9,246.9,25.9,53.7
513,16.2,27.3,29.8,41.9,50.8,71.8,59.4,34.6,60.1,14.3
514,70.5,90.4,63,224.8,124.9,268.9,239,152.7,106.8,234.4
515,171.3,228.6,402.7,362.5,548.7,570.5,744.4,833.6,750.8,630.3
516,128.6,128.9,200.6,221.9,167.9,211.3,160.3,255,472.1,429.1
517,35.6,48.5,82.3,62.5,103.6,100.4,345.8,326.1,347.2,377.1
518,3.9,4.1,7.3,55.9,2.8,15.5,18,46.6,9,23.6
519,1.4,0,3.2,7.1,0.6,1.8,0,0,0,0
520,123.1,116.4,198.3,178.5,140.1,188.4,104.5,201.6,296.6,326.2
521,84.8,84.5,163.5,237.4,128.6,195.8,67.5,50.8,75.4,185.3
522,1,0,1.9,0.9,0.8,12.4,11.3,6.8,2.9,13.8
523,20.6,35.1,9.6,8,5.3,16.9,0.1,0.3,0,0
524,1.3,2.6,0,0,0.9,0.1,0,0,0,0
525,0,0,0,0,0,0,0,0,0,0
526,137.8,149,289.7,249.1,286.3,520.9,305.1,263.9,112.9,175.1
527,47.3,43.2,100.4,60.6,59.7,150.8,146.1,143.3,79,97.7
528,221.5,257.2,286.1,415.9,374.8,548.6,294.6,389.1,295.2,226.8
529,12.5,13.8,19.1,55.5,14.1,64.3,92,71.6,60,31.8
530,70.4,70,99.5,125.4,95.5,180.9,48.9,130.8,260.9,210.9
531,79,117,134.3,162.5,157.2,305.5,216.5,233.2,236.1,208.5
532,1.1,2.3,14.3,2.1,15.6,7.4,0.7,0,0,0.7
533,0,0,0,0,0,0,0,0,0,0
534,0,0,0.1,0.1,0,0,0,0,0.2,0.3
535,0.7,1.1,1.1,0,3.3,2.1,0.3,4.3,0.4,0
536,0,0,0,4.3,0.1,0,0,0,0,0
537,963,1074,1866,1968,2671.2,3018.6,840.4,1156.5,611.3,474.7
538,36.3,80.8,133.7,171.4,158.6,149.3,147.6,141.7,173.8,110.8
539,0,0,0,0,2.7,0,0,0,0,0
540,24.2,35.9,41.9,57.5,78,90.2,56.7,44.6,46.2,79
541,19.7,12.2,35.7,20.7,17.1,20.6,11.7,23.1,40.7,35.6
542,53.1,59.5,82.5,123.4,156.9,194.2,540.7,534.3,356.9,427.1
543,46,66.9,122.3,103.5,117.9,181.7,206.9,188.3,92.5,102.5
544,22.7,13.6,46.7,50.1,41,87.2,30.1,37.4,78.9,49.4
545,28.3,18.2,57.3,10.7,29.2,73.4,3.5,20.3,16.2,10.3
546,0,0,0,0,0,0,0,0,0,0
547,0.1,13.6,0.1,9.7,4.7,0,0.1,0,1.6,0
548,39.8,55.2,98.7,101.9,60.4,92.3,45.5,34.5,43.3,33.3
549,93.5,88.4,118.9,110.1,118.7,104.9,71,163.5,207.8,192.3
550,0.1,0.4,4.1,0,2.6,1.1,0.5,1.4,0,0
551,49.4,48.1,67,57.3,98.3,107.5,32.9,65.3,67.4,130.7
552,0.1,0.9,0,0,0,0,0,8.2,0,0
553,0,0,1.1,0.6,0,0,0,1.9,0,0
554,414.5,478,552.8,493,998.4,1544.9,588.5,392.6,202.9,206.4
555,0,0,0,0,0,0,0,0,0,0
556,170,279.9,481.7,431.3,655.5,912,363.7,404.1,279.9,274.1
557,424.4,545.7,982.3,1055.6,1423.4,1615.1,1087.2,1327.4,852.5,912.8
558,14.2,8.6,15.1,9.9,14.6,69,6.2,72.8,4,6.9
559,121.1,178.7,382,224.5,240.6,266.7,406.8,442.1,367,393.5
560,273.8,337.3,678.2,653,543.6,754.1,314.6,528.1,88.4,158.3
561,0,0,0,0,0.1,0,0,0,0.1,0
562,130.9,185.5,336.1,309.5,373.7,467.4,335.1,526.9,297.5,266.5
563,679.6,763.9,1278.9,1265.1,1453.2,2303.1,3417.5,4452.9,2949.4,2804.5
564,16.1,40,164.7,86.4,82.6,168,24.7,113.7,131.9,54.5
565,201.3,246.3,360.3,380.8,398.4,580.2,394.9,643.7,389.7,391.5
566,69.2,78.9,62.5,101.1,201.3,299,61.6,112.1,190.1,128.9
567,47.7,40.4,41.3,35,70.9,149.9,32.9,101.7,109,11.4
568,45.4,87.9,72.8,237.1,188.5,337.9,258.9,222.5,82.5,249.2
569,130.8,159.7,180.9,233.2,256.7,228.3,174.8,68.3,150.6,259.5
570,25.7,29,35.4,33.5,22.1,28,14.5,23.1,48.1,48.5
571,90.4,51.6,167.5,111.1,181.1,191.9,147.5,137,69.5,186.3
572,9.7,27.8,8.5,35.6,14.3,45.9,47.9,51.4,77.6,65.5
573,92.4,111.8,260.7,197.1,307.5,238,265.9,315.9,154.5,218.3
574,0,0,0,0,0,0,0,0,0,0
575,79.3,81.9,141.3,136,117.6,182.5,829.7,1419.1,2095.9,1617.3
576,0.6,1.2,8.7,0.7,2.6,5.4,10.5,14.2,0.8,6.5
577,0,0,0,0.3,0,1.8,0,0.4,0,0
578,66.3,76.6,147.8,135.5,312.4,268.4,191.2,142.3,47.9,250
579,0.9,1,3.1,0.5,1.5,3.6,1.1,0.7,0,0
580,0,0,0,0,0,0,0,0,0,0
581,0,0,5.4,0,0.2,0,26.9,1,0.7,17
582,0,0,0,0,0,0.7,0,0,0,0
583,0,0,0,0,0,0,0,0,0,0
584,3.3,18.6,22.8,13.6,6.7,35.6,2,8.9,6.9,14
585,52.7,50,108,106.5,150.7,160.9,107.3,149.8,112.9,76.6
586,17.9,35.1,48.2,53,45.7,128.7,17.5,127.6,26.8,70.6
587,0,0,0,0,18,43.8,0,0,0,0
588,0.1,0.3,0.2,0.5,0.3,0.3,8.6,4.8,1.5,13.7
589,71.6,79.4,181.8,164.6,316.1,387.6,118.2,106,46.3,97.6
590,66.9,131.6,208.8,182.9,265.5,647.1,103.7,448.1,282.5,261
591,5.2,6.1,8.4,2.3,26.9,41.8,7.3,10.4,0.1,7
592,5,1,22.6,67.5,43.1,23.6,22.5,0.3,1.6,0
593,81.4,74.1,110.1,149.5,116.7,157.4,116.6,163.3,266.7,275.2
594,88.9,86.7,223.2,205.3,224.2,393.9,57.7,15.2,32.9,2.1
595,2.1,1.7,3.4,9.6,6.2,15.6,9,31,9.8,12.9
596,0,0,0,0,0,0,0,3.1,0,41.7
597,0,0.2,0.3,0,0,0,0.1,0.1,0.9,0.3
598,31.8,18.1,62.3,63.5,70.9,46.5,36.9,50.1,48.7,51.4
599,76.2,75.6,78.8,95,116.9,170.5,217.3,214.1,132,153.9
600,242.5,305.1,491.1,475.9,501.6,726.9,204.8,187,131.9,100.1
601,291.5,507.2,954.1,1001.8,1089.9,1508.3,476.7,535.8,471,597.3
602,0,2,0,0,0,0,23,0,1.1,0
603,0.3,5.3,0.8,3.9,0.5,1.7,0.1,0,0,0
604,0.1,0.3,0,1.3,0.2,0.7,1.2,4.7,0,0
605,34.6,55.9,58.9,94.3,119,114.2,381.9,568,298.4,171.5
606,28.2,27.1,38.7,47.1,50.2,64.9,62.1,61.2,45.3,72.4
607,479.2,588.9,880.1,748.3,988.3,1616.7,413.7,595.8,455.2,722.7
608,0.3,0.3,0.2,2,1.8,2,2.8,0.1,9.5,0.9
609,508.7,944.8,1026.1,761.2,1246.1,1034.8,2955.4,1997.6,2982.1,2141.5
610,2.7,16.4,5.9,2,12.3,35.7,72.5,215.8,71.1,131.8
611,0.1,0.1,41.8,0.7,5.2,13.7,1.3,8.7,0.1,0.1
612,0,0,0,0,0,0,0,0,0,0
613,44.1,44.1,121,80.6,101.2,100,19.4,13.7,29.5,33.2
614,6346.9,7806.5,13846.4,13225.6,16991.8,24411.9,10110.9,11532.3,6859.7,8306.7
615,4.3,4.2,22.7,6.6,27.9,25.5,87.4,68.2,155.9,166.1
616,0,0,0,0,0,0,0,0,0,0
617,2.2,5.5,5.2,0.9,0,1.3,1.2,2.4,0.4,5
618,1.2,1,4.9,1.1,12,2.4,2.7,17.4,2.7,2.5
619,34.1,35.8,54.3,99.3,137.4,124.8,10.4,4.5,1.2,0
620,0.3,0.9,2.3,1.1,3,1.2,5.4,6.2,1.5,2
621,0,0,0,0,0,0,0,0,0,0
622,0,0.9,0,0.2,3.2,0,0,0,0,0
623,54.9,86.9,61.7,92,157.1,202,138.7,180.5,196.9,215.3
624,507.2,613.9,1022.4,1001.9,1471.3,1802.7,805.6,1113,876.1,1252.4
625,18.4,20.5,25.4,26.1,27.2,22.1,4.6,2.4,7.1,29.9
626,3.2,5.6,8,10.3,30.3,4.4,0.3,0.1,4.7,1.2
627,0.1,0,0.7,0,0.9,0.3,4.6,8.7,0.1,1.5
628,1340.3,1939.6,3544.5,3730.1,4243.3,6429.4,3100.1,4136.5,1876.3,2871.7
629,0.1,0.1,0.1,0,0,0,0,0,0,0
630,0.3,3.8,0.9,0,0.7,0.2,44.3,60.3,11.8,47.3
631,51.4,70.1,72.9,106.6,115.5,153,160.3,130.3,110.6,42.7
632,5.8,6.4,26.3,15.2,15.2,15.2,21.4,30.6,24.9,62.6
633,76.7,62.2,111,108.5,193.1,79.6,168.3,403.6,270.9,128.4
634,0,0.3,0.4,0,0,0,0,1.2,13.7,0.1
635,0.1,0.5,0.3,0.2,0.7,0.7,4.3,3.5,1.3,2.6
636,44.7,46.4,75.1,205.1,121.7,139.4,142.9,137.9,76.9,89.4
637,52.4,98.3,87.6,40.9,84.3,153.7,371.9,159.8,203.4,209.3
638,0,0,0,0,0.7,0,0,0,0,0
639,97.4,80.4,130,147.2,80.3,115,78.1,99.7,59.4,57.7
640,1.3,4,0.5,1.1,0.3,10,11.4,25.1,13.8,21.4
641,0,0,0,0,0,0,0,0,0,0
642,0.8,5.9,7.4,4.7,2.8,5,10.3,19.3,25,17.6
643,5.9,1.5,2,0.3,0.2,3.4,44.2,1.4,6.6,3.5
644,410.3,397.9,849.2,685.8,694.1,1103.2,372.4,228.9,177.7,234.6
645,73.8,40.1,49.6,97.2,60.6,75.2,10.3,20.3,14.7,1
646,2.1,17.2,7.7,2.6,6.4,1.9,37.8,15.5,0.6,42.1
647,3161.2,4297.1,8048.9,8205.5,9505.6,14089.2,5732.7,6681.9,2489,3557.2
648,0.7,1,0.8,0.1,1.6,1.7,0,0.9,0,0
649,78.4,107.3,127.1,113.6,73.3,241.8,56.6,240.3,188.2,203.2
650,471.4,485.8,960.3,840.1,882.9,1479.8,514.7,637,153.3,438.5
651,0,0.8,0,0,0.8,0,9.7,9.8,5.7,18.9
652,214.3,244.6,504.2,467,397,584.8,229.1,354.8,140.2,209.8
653,32.2,23,31.6,68.1,72.5,113.4,37.3,88.9,50.2,30.2
654,0,0,0,0,0,0,0,0,0,1.9
655,0,0,0,0,0,0,0,0,0,0
656,1.3,0.9,1.1,6.2,2.8,5.8,2.5,0.5,13.1,24.4
657,89.6,120.9,239.4,228.4,407.4,455.5,181.1,290.4,164.6,225.7
658,12.7,12.9,14.6,21.4,21.7,21.4,30.5,19.3,21.6,29.4
659,34.5,26.9,37.2,38.9,25.9,41.3,18.9,28.3,66.2,67.7
660,10.3,6.2,9.5,15.7,24.8,28.2,0.4,9.6,0,9.6
661,337.6,308.3,538.7,455.2,483.1,724.4,295.3,616.7,422.9,490.7
662,0,0,0,0,0,0,0,0,0,0
663,0,0.3,0,8.7,0,0,0,0,0,0.1
664,52.4,55.5,142.8,144.4,122.8,95.4,40.3,163,72.3,77.8
665,0,0.2,0,2.6,10.2,0,0,0.3,0.2,0
666,50.2,51.2,73.9,111,94.4,144.3,96.6,139.9,224.3,207.3
667,25.5,40.5,57.7,60.3,83.9,56.1,2.2,4.4,14.9,47.3
668,378.2,440.7,609.9,819.1,710.6,1202.8,433.4,365.9,522.9,391.7
669,26.5,28.5,34.1,27.5,79.7,60.9,23.4,57,34.9,37.9
670,158.1,215,338.4,392.8,244.1,428.7,193.8,285.7,129.7,224.8
671,11.2,21.4,30.3,40.5,76,41.4,241.5,445.9,484.5,363.6
672,388.7,493.4,798,768.8,693.2,1211.3,451.2,432.4,467.7,561.2
673,0.2,5.1,3.3,5,4.1,12.1,0.3,1.4,0,7.5
674,31.3,33.6,58.3,77.4,36.1,90.4,49.6,176.8,49.8,105.1
675,0.5,0,0.8,0,0,0,0,0.2,0,0.1
676,354.9,434.6,762.4,798.5,635.1,1008.8,722.7,924.6,570,790.5
677,4,3.7,8.8,6.3,6.3,6.6,21.8,16.6,56.3,16.8
678,634.5,741.6,1362.8,1327.3,1365.9,1761.1,883,636.8,610.3,612.1
679,1.6,2.3,10,3.9,43.3,21.5,13.2,22.2,43.1,8.6
680,1191.1,1632.4,2633.9,2344.7,2348.3,3457.1,1195.8,1466.7,1083.2,1115.5
681,0,0.9,0,0,0,0,0,0,7,0
682,13.1,14.7,15.2,11.6,21.3,1.6,24.5,153.2,56.7,66.7
683,3,5.4,10.5,8.1,19.7,22.1,29.9,13.1,25.5,43.5
684,90.5,117,228.1,172.2,203,187.2,230,195.1,207.7,299.4
685,0,0,0,0,0,0,0,0,0,0
686,75.2,99.4,236.3,251.1,290.1,355.7,401.8,540.2,502,394.4
687,41.8,113.1,236.7,218,302.4,436.8,42.9,154.6,88.8,71.7
688,11.3,14.6,36.3,51.3,28.5,28.4,61.8,44.1,35.5,32
689,894.9,987.4,1231.3,1170.5,1314.5,1623.7,693,708.6,404.1,741.4
690,0,0.1,0,0,0,0,19.5,68.1,20.4,37.2
691,71.3,121,179.5,205,245.3,292.3,131.7,213.1,232.8,206.7
692,0.8,0.7,1.1,13.3,2.2,0.2,2.2,0.2,1.5,0.1
693,47.7,44.1,54.7,53.7,45,56.8,27.3,40.1,83.5,80.6
694,1259.3,1808.7,3136.4,3201.4,3746.5,5322.7,3061.8,3571.4,3125.1,4218.7
695,24.2,6.4,22.9,25.5,44.9,19.9,2.8,67.7,12.4,1.4
696,8.6,12.2,17.5,21.1,16.6,31.6,20.6,24,61.2,62.6
697,1594.7,1965.6,3534.1,3593,4445.3,5460,2802.4,3304.8,2189.5,3027
698,0.1,0.3,0.4,0.5,0.3,0.4,2.1,0.4,0.9,0.8
699,0,0,0,0,0,0,0,0,0,0
700,112.3,73.2,194.2,170.8,315.4,348.6,504.6,1024.4,1189.6,1320.4
701,0,0,0,0,0,0,0,0,0,0
702,5.9,6.8,10,21.3,4.5,61.7,46.4,23.3,0.5,0.7
703,2.7,0.3,0.7,1.6,1.4,0.1,1.3,1.4,0.5,0
704,0,0,0,0,0,0,0,0,0,0
705,55.1,51.1,51.2,68.3,108.7,92.6,160.5,74.9,167.6,43.6
706,0,0,0,0,0,0,0,0,0,0
707,102.7,136.9,274.6,209.8,195.2,483.4,530.6,247.4,288.9,172
708,0.1,0.8,0.7,0.9,10.6,0,0,0,0.8,0
709,0,0,0,0,0.3,2.2,0,0.4,0,0
710,163.8,173.4,231.9,248.9,247.1,269.1,154.6,228.3,315.3,278.5
711,471.3,522.8,1211.7,1243.1,1134.3,1612.2,704.8,892.3,430.6,558.3
712,285.2,272.4,538.2,490.5,494,666.4,691.2,569.4,584.5,779
713,0,0,0,0,1.6,0,0,0,0,0
714,461.4,433.8,713.3,609.2,562.5,727.6,398.8,728.5,884.5,980.1
715,5.3,5.9,5.6,5.1,6.9,15.1,1.4,3.4,0,2.3
716,1244.1,1422.3,2174.8,1859,1771.6,2077.9,1381,896.3,2317.7,1887
717,118.2,182.4,284.6,447.7,334.1,419.1,376.1,103.7,142.8,131.9
718,65.9,52.8,111.1,84.4,104.3,86,120.5,127.3,129,198.3
719,0.5,1.5,2.1,1,5.8,0.3,0,1,3.2,0
720,8.4,8.9,12.8,14.5,13.2,16.1,14.3,22.9,35.9,36.5
721,59.5,67.3,181.4,142.6,168.6,142.3,63.1,54.4,59.9,97.6
722,1076.7,1411.7,2410.1,2657.1,3066.7,4429,1764.3,2360.4,1092.7,1432.2
723,10.2,18.2,29.1,33.4,21.2,34.1,24.6,79.9,38.5,18.4
724,89.8,108.7,154.3,221.4,155.2,198.8,254.5,309,236.6,242.8
725,33.8,36.5,57.1,147.7,109.5,146,68.4,95,83.7,76.7
726,0,0,0,0,0,4,0,0,0,0
727,9.1,7,12.5,11.8,10.1,11.5,7.5,10,17.6,20.5
728,1,1.9,1.2,5.8,2.7,3.1,6.3,1.2,2.3,5
729,0,1.3,0,14.8,0,0,70.4,60,25.1,16.3
730,64,80.9,94.1,125.1,193.1,298.5,892.7,2010.9,1688.3,2005.4
731,15.9,24.3,13.4,45.4,53,63.8,7.5,0,0,1.3
732,311.5,271.3,449.5,419.5,627.6,612.5,287.1,357.6,116.5,203.7
733,16.5,13.9,68.8,20.9,33.9,34.1,40.9,54.9,25.3,6.1
734,1.5,1.6,2.9,3.5,2.7,2.6,1.5,2.6,3.6,4.9
735,0,0.4,0.5,0.5,15.1,3.7,12.6,2.2,4.8,0.9
736,84.8,93.5,179.3,120.9,169.3,353.1,104.6,185,188.8,212.5
737,461.3,534.7,972.4,929.2,650.7,1043.6,200.5,322.7,177.7,198.5
738,363.7,433.5,693.5,724.3,851.2,937.3,573.4,767.8,765.4,640.3
739,0.1,0,0,3.4,0.1,0.1,0,0,0,0
740,39.1,48.1,93.2,90.4,88.8,114.8,94.3,34.3,48.8,76.7
741,92.4,100.5,142,210.8,157.7,294.8,160.4,367.1,243.5,213.2
742,0,0,0,0.3,0.1,0.9,0,0.3,0.1,0
743,0,1,0,0,0,0,0.4,0,0,0
744,0.3,0,0.2,0,4.1,0.2,0.2,0.1,0.1,0.2
745,98,85.4,135.9,119,209.2,255.3,201.4,130,295.5,76.6
746,109.9,104.9,177.6,219.1,388,287.1,141.7,68,269.3,223.4
747,376.7,329.9,729.8,811.9,734.7,1249.7,414.6,355.4,258.3,450.1
748,130.9,74.8,292,338.4,323.8,340.4,156.9,27.5,64.5,128.5
749,26.6,31.9,48.9,62.9,43.8,57.9,66.3,98.5,128.2,63
750,4.6,3,0.4,0.6,0.3,1.7,63.6,63.1,1,14.9
751,4.3,3.5,10,9.1,4.3,8.3,10,17,7.1,5.7
752,520.9,661.1,1187.2,901,1405.3,2145.1,642.5,588.4,309.9,379.9
753,0,0,0,1.5,2.1,0,0.8,9.6,0,0.3
754,0.8,1,0,3.4,3.5,1.8,77.5,112.9,67.4,24.9
755,0,0,1.9,0,0,0,1,0,4.7,0
756,1021.5,1069.1,1500.4,1783.5,2110.4,3169.5,2546.9,2407.1,1948.3,2138
757,189.8,217.6,363,268.1,347.5,629.7,226,120.9,267.5,227.5
758,54.8,32.1,81.1,99.2,219.1,420.8,33.5,61.5,1.5,5.3
759,0,0,0.1,0,0.1,0,0.9,0,0.7,0.1
760,22.4,20.4,28.2,23.6,21.7,24.1,11.8,18,31.5,34.2
761,5.8,4.4,9.9,15.7,17.5,15.5,24.1,44.9,29.6,9
762,0.1,0,0,0,0,0,0,0,0,0
763,1.1,15.3,30.8,42.9,46.1,27.6,13.3,87.1,28,17.1
764,78.1,122.2,249.8,280,404.5,425.2,76.6,229.6,225.9,106
765,4.3,5.5,7.9,6.1,10,7.3,14.3,39.3,13.2,22.2
766,229.5,249.1,387.2,299.1,511.1,446.5,260.4,314.8,235.2,391
767,110.8,159,339.1,296.7,413.9,411.6,178.9,185.7,158.6,147.7
768,4.5,5.6,47.3,21.3,29.1,22.3,62.5,23.1,15.1,15.5
769,122.4,82.8,239.1,147.2,297,214,327.5,160.5,167.1,162
770,0,0,0,0,0,0.1,0,0,0,0
771,4,8.7,7.6,1.6,7.4,26.8,10.6,5.3,0.1,7.1
772,88.6,100.1,243.2,116.3,200.9,104.8,44.8,32.1,90.5,118.4
773,4.3,2.3,1,2.9,2.5,7.3,26.8,42.7,25.9,6.1
774,60.8,59.2,52.7,169.3,106.7,176.7,59.9,73.2,54.4,55.1
775,20.9,34.9,50.9,30,75.5,103.1,132.1,79.8,79.2,138.6
776,167.7,214.5,429,584.4,641.6,776.9,214.1,174.7,219.5,79.4
777,0,0,0.3,0,0,2,0,0,0,0
778,3.4,1.5,4.1,3.1,17.5,29.4,0,0.1,0,0
779,0.7,0.6,2.3,0.3,0.3,0,8.4,0.5,2.1,8
780,191.8,186.6,315.4,221.7,483.1,506.3,260.3,485.3,473.9,373
781,0.3,0,0,0,0,0,14.3,35,37,27.1
782,3583.3,4190.1,7138.1,7021.5,8895.3,10690.1,5380.5,8432,7254.1,7284.2
783,87.2,114,154.3,191.6,302.2,307,89,134.1,146.8,198.5
784,0.5,0.4,0.7,0,8.4,3.5,0.7,1.4,4.9,11
785,32.4,38.9,51.8,62.1,25.5,75.3,92.9,59.9,26.5,85.9
786,39.8,13.9,37.6,57.8,46.3,131.1,518.8,241.7,290.4,342.8
787,12.7,3.9,8.8,25.4,5.1,10.9,41.2,32.6,61.1,18.9
788,0,0,0,0,0,0,0,0,0,0
789,109.7,106.6,347.1,227.3,325,432.4,155.7,374.7,215.5,185
790,0.6,0,0,0.9,0.1,0.1,73,30.5,76.2,6.7
791,17.2,26.1,44.7,34,40.5,52.4,32.7,104.2,67.5,68.2
792,214.6,204.7,467.5,625.8,554.6,949,588.1,669.9,461.7,519.7
793,0.1,0,0,0,0,0,0,0,0.3,0
794,249.2,323.3,535.6,514.2,532.9,728.9,285.8,562.7,201.5,314.3
795,14.1,13.4,25.4,23.9,17.3,23.4,31.4,37.7,36.9,71.5
796,12.9,27.5,36.8,46.5,46.3,84.1,241.3,186,188.6,290.4
797,0,0,0,0.1,0.1,0.9,0,0,0,0
798,0.2,0,0,0.1,0,15.5,32.2,0,0,0
799,1.3,3.6,7.8,4.6,9.8,11.5,0.6,5.2,0.2,5.2
800,64.8,74.3,123,78.7,240.2,194.7,139.1,200.7,106.5,190.9
801,10.5,1.4,2.8,1.6,2.2,4.2,3.5,24.3,15.8,17.4
802,0,0,0,0,0,0,0,0,0,0
803,12,13.9,14.5,7.4,15.4,15.1,11.9,73.3,8.2,17
804,31.6,26.8,58.4,97.5,39.9,28.8,26.4,64,5.7,59.3
805,0,0,4.1,0.9,0,0,0,0,0,0.8
806,119.2,187.6,257.9,405.2,310.9,468.7,409.6,543.4,721.5,767.2
807,408.8,472.1,1079.8,714.1,1235.2,1086.4,699.6,1039.2,1256.3,1048
808,0,0,0,0,0.3,0,0,0.7,0.5,0.6
809,445.3,630.8,1062,1126.5,1299.2,2397,1868.7,2160.9,1376.7,1847.6
810,33.7,22.4,21.8,42,66.2,50.5,92.4,82.4,40.5,15.5
811,65.6,72.7,184.2,153.7,118.6,289.5,214.5,347.1,246.9,328.5
812,37.8,43.3,81.4,67.6,54.8,71.1,100.9,102.8,233.2,189.2
813,124.9,168.3,263.2,284.5,332.4,486.7,328.8,425.6,284.4,354.6
814,21.4,38.7,38.8,19.8,70.5,92,5.2,0,0,21.8
815,0.4,0,3,0.5,3.1,13.8,0,0,3.4,0
816,52.5,79.2,150.9,164.3,198.2,329.4,301.8,339.3,194.8,277.7
817,21.7,31.9,22.2,42.1,70.7,71.3,31.5,44.4,28.8,14
818,245.1,362.6,597.1,559.1,529.3,1205.4,406.7,325.4,265.3,325.7
819,2.1,10.4,6.1,8.7,13.5,7.1,0.5,10.8,4.5,22.6
820,46.8,57.8,149.5,112.7,100,210.2,118.4,228.8,118.1,153.1
821,0,0,0,0,0,0,0,0,0,0
822,0,0,0,0,0,0,0,1.7,2.4,15.3
823,277.7,305.1,357.4,344.9,313.3,452.2,504.4,646.8,450.1,650.9
824,0,0.1,5.4,0,0,0.1,1.8,0.4,0,1.9
825,12.3,36.3,54.3,69.9,68,101.9,36.3,87,37.2,35.7
826,50.7,64.4,85.7,76.5,71.1,89,237.5,238,393.8,315.2
827,156.7,298.9,256.3,211.8,561.5,838.3,481.5,696.5,699.7,631.5
828,0.2,0.5,0.4,0.1,0,0,0.4,0.1,0,0
829,0,0,0,0.4,0.1,3.5,72,70.1,146.6,51.1
830,6.9,3.7,0.3,16.7,33,53,3.1,0,0,0
831,0,1.5,0.5,1.6,0.4,9.7,0,2.3,0,0
832,0,0,0,0,0.1,0,3.9,0,0,0.1
833,523.3,281.2,324,371.5,448.3,675.7,589,596.1,629.9,478.9
834,11.7,12.8,20,9.8,8,12.4,183.2,194.5,23,87.1
835,0.1,0,1.7,0,56.5,0,7.4,0,0,0
836,0,0,0,0,0,0,0,0,0,0
837,0,0,0,0,0,0,0.5,0.1,2.1,0.7
838,17.5,35.4,51.2,54.7,76.7,145.1,50.3,46.3,64.2,48.3
839,0,0,0,0,0,0.1,0,0,0,0
840,119.5,122.1,164.9,279.1,206.6,199.1,276.2,109.1,87.8,284
841,10.3,10.9,18.7,19.5,18.1,19.3,12.4,18.7,47.9,37.1
842,0,0,0,0,0,0,0,0,0,0
843,0,0,3.4,3.6,7.9,1.8,1,0,0,0
844,127.7,100.1,188.8,135.7,203.5,272.2,107.8,325.9,133.7,128.2
845,106.7,80.6,177.5,100.3,250.7,235.8,45.1,62.4,97.9,90.5
846,40.2,42.3,86.4,68.7,69.2,42.5,62.3,62.9,56.9,57.3
847,38.1,61.1,158.2,168.7,85.9,152.1,22.5,72.2,194,48.1
848,0,0,0,0,0,0,0,0,0,0
849,0.4,0.1,0,0.1,0.7,0,0.1,0.5,0,0
850,0,0,0,0,0,0,0,0,0,0
851,28.9,38,39.8,33.6,82.5,57.2,15.2,22.5,44.4,37.9
852,3.4,2.8,16.1,4.7,12.5,14.7,17.5,5.3,6.4,43.2
853,20.2,20.1,23.8,31.1,74.1,39.9,82.6,52.4,62.8,8.6
854,0.1,0.1,1.9,0.5,0.8,0,0.1,0,0.1,0.1
855,111.4,110.1,127.7,199.9,246.9,308,183.7,275.9,297.8,405.9
856,6.5,13.9,28.7,20.5,8.1,48.5,31.9,11,46.9,59.3
857,5.8,6.5,9,8.3,8.5,7.9,4.3,4.6,11.5,27.3
858,108.6,71.3,115.3,144.2,243.2,219.6,238.9,208.5,174.9,366.5
859,45.2,75.5,139.5,130.3,207.8,248.9,164,127.8,87.3,139.9
860,18.9,16.4,50.2,27.4,52.5,61.6,85.5,111.8,36,19.1
861,0,0,0,0,0,0,0.2,0,0,0
862,355,463.7,862,839.7,852.1,1342.1,895,924.7,544.7,749.4
863,10.7,11.4,27.2,15.6,25.9,25.6,15.2,19.9,62.3,42.1
864,92.4,113.2,229.7,218.8,269.5,245,103.3,152.5,160.2,158
865,0,0,0,0,0,0,0,0,0,0
866,74.7,79.3,151.9,250.2,310.9,206.4,76.6,143.7,263.4,100
867,0,0,11.3,1,0.1,0.1,0,0,0,24.1
868,5.7,20.4,25.7,31.4,22.6,52,189.1,174.4,0,29.2
869,12.9,5.9,35.5,12.9,33.2,16.6,21.9,33.8,94.3,57.8
870,118.4,181.2,251.7,337,431.5,497.4,871.2,1172.8,765.8,890.2
871,1.8,11.8,10.1,7.7,29.9,2.9,29.3,93.8,157.3,188.5
872,13.8,20.5,22.8,17.2,10,27,46.3,87.3,23.6,77.4
873,9.3,8.7,17.2,23.8,13.1,57.1,0,0,0,0
874,214.2,165.5,283.1,342.8,463.1,643.9,285.3,373.8,202.3,238.7
875,111,160,203.9,267.9,258.3,326.4,88.7,300.6,58.3,38
876,70.3,89.5,118.7,73.9,179.4,256.5,141.5,199.3,104.5,83.3
877,1.3,1,3.6,2.1,1.8,2.5,10.5,6.7,10.4,12.7
878,28.2,23.5,51.3,53.5,44.6,44.7,78.7,93.9,80.8,129
879,779.5,1012.8,1690.2,1881.2,2093.9,2984.8,987.1,1396.8,588.7,838.5
880,4.3,2.2,19.9,10.8,23.9,18.1,10.8,3.9,9.3,11.6
881,8.7,6.2,16.6,6.3,10.1,23.7,51.7,89.3,255,242.3
882,1770.6,1545.3,2339.3,2455.7,2921.3,2706.6,2606.5,2875.8,3347.2,3784.9
883,0,0,0,0,0.3,0,15.9,0,0,0.9
884,58.7,62.8,148.6,44,134.9,292.6,106.9,118.9,93.5,207.2
885,0,0,0,0,0,0,7.6,0,0,0
886,1.2,3.6,2.6,14.1,10,12.7,10.1,31.9,63.1,60.2
887,241.7,369.1,259.9,325.5,524.1,733.5,42.8,175.9,89.2,115.4
888,17.8,2,25.7,30.1,38.5,15.7,3.4,54,0.2,7
889,9,9.1,19,17.2,9.2,13.5,16.4,3.9,6.2,9.5
890,4157.1,5383.9,9317.3,9371.9,11096.7,14809.3,6842.9,8335.2,4186.2,5530.5
891,5.4,14.3,7.3,13.3,39.8,7.5,157.9,85.2,14.4,4.9
892,0,0,0,0,0,0,0,0.1,2.2,0.6
893,39.6,53.7,62.4,73.1,143.4,95.9,201.5,265.9,164.3,143.4
894,0,0.4,0,0.2,0.3,0,0,0,0,0
895,2.1,0.1,0,0,0.3,13.4,0,0,0,0
896,150.1,137,355.7,285,471.5,440.7,147.6,124,150.8,334.7
897,33.5,47.5,65.2,112.7,86.1,212.8,45.3,79,35.3,121.2
898,0,0,0,0,0,0,0,0,0,0
899,0.9,0.5,0.1,6.9,13.2,7.3,29.4,58.1,200.7,259.6
900,41.9,69.7,195.7,85.4,117.6,71,131.2,126.7,121.8,144.9
901,0.9,0.5,0,0.4,0,0,0,0,0,0
902,7.9,5.7,2.8,4.2,5.6,9.4,0.4,14.2,2.3,5.8
903,9.9,12.1,18.7,18.5,15.1,74.1,2.3,0,17,27.1
904,18,29.7,49.5,81.6,44.7,49.9,24.1,53.7,35.2,29.2
905,120.4,94,353.1,298.7,240.6,230.6,138.8,456.3,214.2,387.4
906,73.8,95.5,156.3,159.3,146.2,242.7,130,173.4,145.8,199.7
907,0.2,0.5,1.4,1,0.1,0.1,1.8,0.1,0,0
908,31.3,63.5,103.5,46.4,52.8,109.7,76.3,58.9,56.5,34.6
909,0,0,0,0,0,0,0,0,0,0
910,3.5,9.7,4.2,6.9,2.9,11.2,0,2.2,0,0.7
911,0.1,0,0.7,14.1,0,0,1.1,0,0,0
912,376.3,392.6,620.4,677.1,608.6,1120.8,513.4,319.4,494.5,450.9
913,0,0,0.4,0,0,0,12.9,12.6,0,4
914,205.7,207.7,349.7,444,398.7,696.4,578.7,832.3,445,558.5
915,1.8,4.7,7.7,9.7,1.1,4.6,10.6,3.2,0.7,0.4
916,0,0,0,0,0,0,0,0,0,0
917,15.5,20.1,11.4,2.5,13.3,14.3,6.1,5.3,49,8.5
918,0.7,2.2,6.2,18.6,4.5,8.4,7.8,6,10.2,19.7
919,3.7,14.6,5.4,25.1,35.3,19.2,59.2,207.9,120.4,150.2
920,193.6,271.1,564.1,500.5,451.5,474.2,234,298,347.6,339.7
921,845.7,1135.5,1818.8,1973.3,1935.1,3004.9,1107.2,1601.6,939.1,808.7
922,0.1,0,0,0.7,0,0,0,0.5,0,0
923,353.3,505.5,844.1,1017.7,1382.5,1788.5,1164.1,1002.6,825.7,734.1
924,9.3,23.4,17.7,10.4,29.3,40.7,5.2,1.4,0.3,11
925,54.3,30,46,45.7,62.8,153.7,183.9,65.8,55.2,78.9
926,26.4,21.9,27.4,21.6,73.6,95.7,136.9,82.9,114.7,97.8
927,36.6,21.8,96.1,30.6,29.5,96.1,131.7,131.1,70.5,127.9
928,18.9,22.3,21.5,34.5,57.3,23.1,23.4,18.1,92.7,37.6
929,23.1,25,32.5,26.5,61.5,79.7,100.3,46,98,62.6
930,0,0,0,0.1,0,0,0,0,0,0
931,0.1,0,0,0,0,0,0,14.2,0,0.2
932,1.9,3.2,5,3.6,1.7,3.1,4.1,3.2,1.7,2.5
933,97.1,127.4,134.9,181.4,198,248,272.1,284.4,255.4,225
934,20,36,54.6,66.6,81.3,61.4,117.5,86.6,113.4,101.8
935,93.7,102.8,165.5,199.5,263.7,230.4,617.1,569.6,357.4,524.9
936,8.9,3.6,4.3,0.6,3.6,3.6,14.1,17,16.2,61.4
937,93.1,133.4,88.7,161.3,101.2,266.3,85.9,123.8,73.1,143
938,0,0,0.1,0,0,0,0.5,0,0.2,13.1
939,5.7,4.4,2.4,19.9,8.5,24.6,14.3,0.8,8.8,7.9
940,843.6,759,1182.7,1027.6,967.1,1250.9,1436.7,1927.9,2687.8,3585.1
941,27.3,19.6,31.1,32.9,56.5,27.9,111.5,230.1,185.5,137.8
942,71.3,91.3,146.4,168.3,75.1,139.1,17.3,109.9,70,110.8
943,220,289.8,555.1,532.1,914.2,1646.7,429.4,588.9,532.5,844.1
944,70.8,87.3,143,239.7,129.7,163.7,6.5,1.6,2.4,0.4
945,481.7,633.5,1242,1011.8,1503.8,1830.6,1543.3,1556,769.6,604.1
946,5.1,0.6,7.4,2.1,7.1,2.3,86.4,104.3,49.1,42.7
947,235.9,237.1,446.7,432.3,464.9,654.2,195.4,319.9,388.5,295.4
948,6.4,15.2,21.5,14,61.5,22,27,11.6,23.3,21.3
949,1.1,1.4,1.7,1.3,8.6,3.7,12.3,5.5,16.9,10.4
950,259.5,285.6,367.9,274.1,323.7,745,448,243.8,738.3,691.8
951,79.3,136.7,272.5,252.3,518.3,461.6,97.5,182.3,125.2,93.5
952,160.2,211.1,303.1,364.4,371.9,639.4,522.5,663.1,333.2,404.9
953,65.9,69.2,76.1,124.7,67.8,104.9,44,100.1,114.2,159
954,0,0,0,0,0,0,0,0,0,0
955,13.8,24.9,45.4,23.4,39.8,24.4,19.8,55,28.8,18
956,232.3,290.5,546.7,486.6,565.5,803.5,449.9,263.1,203.5,301.3
957,2.2,8.2,5,3.9,2.9,10.3,8.4,5.4,5.5,6.4
958,6,7.7,26.9,7.3,22.2,43.7,30.7,57.3,57.3,73.4
959,1,2.4,3.6,1.7,9.1,18.2,5.5,23.4,47.1,48
960,3.2,0,2.4,2.2,4.8,0,0.8,29.1,9.6,0.5
961,0,0,0,0,0,0,0,0,0,0
962,0,0,0,0,0,0,0,0,0,0
963,9.5,5.3,5.9,10.3,11.4,4.5,7.3,2.5,6.6,7
964,0,0.1,0,0.1,0,0,0,11.3,0,0
965,7.9,10.9,8.9,8.5,4.1,26.8,50.1,25.9,0,29.3
966,43.5,44.5,92,80.5,72.9,85.7,76.8,124,154,141.1
967,3,5.9,11.7,8.9,10.1,18.7,0,0,4.4,0
968,176.8,255.9,415.4,642.5,584.2,822.1,104.7,185.7,63.4,131.7
969,7.7,18.1,24.4,11.6,39.2,49.6,0.1,0,0,0
970,0,0,0,0,0,0,0,0,0,0
971,58.3,88.4,181.7,239.6,315.3,432.4,403.2,327.9,224.6,236.7
972,97.3,117.6,194.5,240.7,209.2,292.1,249.9,338.5,151.3,185.9
973,194.3,274.5,440.9,471.7,319.4,363.6,346,548.4,85.3,134.5
974,0,3.3,0.1,0,0.9,0,0,0,0,0
975,176.1,196.8,236.7,256.4,340.3,699.9,74.5,31,34.7,74.8
976,0,0,0,0,0,0,0.3,1,0.2,0
977,0,0.7,0,0,0,0,0,0,0,0
978,2.2,0.5,7.5,0.3,0,5.4,0,3,0.1,0
979,0,0,0,0,0,0,0,0,0,0.5
980,0.2,0.9,0.2,1.5,2.9,2.6,6,1.1,4.6,1.6
981,47.5,80.9,136.1,187.7,142.2,206.3,256.7,150.7,126.6,129.3
982,9.3,13.5,1.7,13.7,32.7,43.3,21.7,11.4,0,5
983,116.7,113.9,224.2,221.9,371.6,328.3,244.9,345.2,394,452
984,1.7,9.2,35.5,13.9,3.5,4.7,6.8,0,0,0
985,3.9,6.4,9.5,2.5,19.7,11.8,29.6,38.7,30.6,83.7
986,0.3,0.3,0.5,0.7,0.4,0.5,0.3,1.7,1.1,2.5
987,2.9,1.9,18.9,4.7,3.1,2.1,35.2,11.8,7.6,26.5
988,7.5,5.7,23.1,16.5,34.1,25.7,14,37.2,30.1,18.5
989,11.5,3.5,13.3,46.3,70.1,13.9,57.1,11.8,9.7,1.7
990,0.3,0,5.3,0.3,0,0.6,45.7,1.5,0.7,0
991,17.8,18.7,23.5,21.9,19.4,22,12.9,21.9,40.3,41.3
992,6.8,0.5,3,0.2,8.3,0,23.8,0,17.9,0
993,18.3,14.9,24.1,27.6,18.8,24.6,10.7,16,33.6,28.8
994,0,0,0,0,0,0,0,0,0,0
995,1515.2,1514.1,2136.9,2063.1,2462.9,2640.3,1511.7,1483.6,1492.1,1636.4
996,1.3,1.9,0.8,0.2,0.2,0.6,1,0,0.8,5.7
997,25.6,26.9,35.2,32.7,37.3,30.4,857.7,1246.4,2739.9,2520.3
998,9.1,14.1,10.8,1.3,17.1,53.5,56.9,208.5,59.9,36.1
999,0.1,0,0,5.6,0,8.1,0,0,9.5,0
1000,67.9,66.9,102.2,95.5,92,103.1,67.8,169.2,164.9,169.3
